x,y,class
2.6772710103086528,-1.6655450512107834,0.0
-2.5405609663140476,1.264450912494217,0.0
2.415848042672591,0.5524488782079722,0.0
1.5064556862706557,2.7970303229580002,0.0
-1.2060377461580263,-3.012637662932238,0.0
-0.21720904971987742,2.8757189017814873,0.0
-3.088869838793774,0.7076961899551146,0.0
0.7276807888986071,2.4307827901358414,0.0
1.4726245344249616,1.6706158837578284,0.0
-0.748532629278984,2.654295073865752,0.0
3.1061218076073644,0.4298352743751281,0.0
-0.8439560069706673,-2.899212533560383,0.0
-2.8760265030215963,0.4672637362681376,0.0
-2.8033130177767656,-0.9557460173716977,0.0
0.6587735491740989,2.692494750019993,0.0
0.47151549952910515,-2.493303832137367,0.0
-2.6935630463169558,1.502105654004617,0.0
0.7127682230983412,-2.4325657957105613,0.0
1.9308539785712773,2.524504266003562,0.0
-2.3345158154874768,1.8341701308140437,0.0
1.4693818209554108,-1.579285920024925,0.0
-2.4849528137820913,-2.0211684400253955,0.0
-0.21141265547214622,3.7004793012083814,0.0
-2.5015484608179483,1.0228278280120193,0.0
-2.0137100303733932,2.710840791315173,0.0
-2.1155476181207247,2.370528905062987,0.0
3.0071515992541125,-1.1763494010846773,0.0
2.5615095864344557,0.41880375770555167,0.0
-2.9427691991361895,1.2640266545102437,0.0
1.5870145781920302,3.314773098154896,0.0
-2.7107548380298723,-0.8317474611688827,0.0
-0.7116225396787839,-2.7295007539624767,0.0
-3.4291719458379695,-1.332782967580211,0.0
2.7088116487988683,0.29088917644202794,0.0
-3.0810630246233406,0.5108164478292164,0.0
-1.5333034402432364,-3.1602540419752247,0.0
-0.7472058469420614,-3.0387804993968834,0.0
2.375059730942639,1.3402217418988231,0.0
0.44436288510368455,3.5060397818506766,0.0
-3.004407082723738,-0.4479692544199742,0.0
1.7365997925966532,-1.11498813257283,0.0
-3.1400052445237114,0.2040420156498174,0.0
-1.1112954932505086,-2.149549529529763,0.0
0.6725039759803754,-3.245110893909357,0.0
-0.7823165390102284,2.861166784991897,0.0
-2.51699459773227,-1.0084975060709969,0.0
2.6471099126671027,-0.9824984120890987,0.0
-2.1038249069337205,2.3724126622034176,0.0
2.6629078665249786,0.48888334982875353,0.0
-0.785907674282408,2.8421889360026946,0.0
-3.722051931364018,0.14408268732579077,0.0
-1.158383750756357,-2.9604988189907737,0.0
1.2542909279469308,2.7336176632413016,0.0
-0.30804105353994754,-3.763085277588848,0.0
-2.699473848704132,0.6136971511311429,0.0
-2.267587520325098,-0.2554786753925203,0.0
-0.7195793810121884,-3.1014205836315765,0.0
-1.5119280631044367,0.9790396078539679,0.0
-2.7423086851132696,1.5055974277698996,0.0
-2.361457879854256,-1.871650672423545,0.0
-3.3194764976950526,0.5521444693078674,0.0
2.646344092662725,1.8611520050289834,0.0
-0.5297085489971319,-2.709797146883635,0.0
-2.337892751258595,1.1297182093483547,0.0
-4.240956014186068,0.3271953631603269,0.0
-3.1454890894781644,-0.42287572278439917,0.0
3.765779106680499,0.16282603035925922,0.0
1.504808918574253,-2.3080385204785787,0.0
2.1375486550339633,-1.4149187909037702,0.0
0.4896206375089285,-2.5869917715894553,0.0
1.855847685555919,1.7272003582274706,0.0
-1.1342175990852152,3.2949811672156293,0.0
-2.8969297736070416,0.019595368754743124,0.0
-0.5655574825731363,2.5954516898704525,0.0
-0.7467660538011912,3.429788524946764,0.0
-3.2536753451787863,0.067345011388708,0.0
-2.5838951574817,-1.975181116892528,0.0
0.07236569015383272,2.6565732686425285,0.0
-2.1834751131950636,1.3945974656992561,0.0
-0.48326949593437185,-2.8529235920401432,0.0
-2.0645993111989642,-0.8938355126194232,0.0
-1.6241050158304668,3.10388377240885,0.0
3.4155906293699703,-0.27619235278990256,0.0
1.9445976334857429,-3.0396569622319887,0.0
-1.8242444576557622,2.886330847294919,0.0
-2.8905778340181163,-0.41859277585529825,0.0
1.4215041357543499,-1.542515938348639,0.0
2.260075235391221,1.6176425498372933,0.0
-3.0226410703007534,-0.6170575094046138,0.0
2.023180967846945,2.8130678997286935,0.0
-0.8623981793816234,3.408092675352271,0.0
-3.0566289845910095,-0.6293921959928844,0.0
0.9592807071270631,3.234193024200653,0.0
-2.797978646946561,2.330678081008716,0.0
-1.424501221731175,-1.989008998074205,0.0
1.7136741623390341,2.8833687311150715,0.0
2.1299901365611595,2.7295656639816293,0.0
0.07937395135232211,3.7482268946254766,0.0
1.8186973605689918,2.284031601627987,0.0
2.4049834293770633,2.3362815814852795,0.0
0.2374907966799703,-3.0990448096949286,0.0
-1.5182408274215078,-2.182738539323025,0.0
-2.2721925314353317,-2.604546066920738,0.0
-0.1387060843112212,2.8787442314203098,0.0
-2.4340849897082717,-1.1500589707896305,0.0
1.3396155655841606,-2.4699518543554,0.0
2.0259752602395213,1.9320006470012874,0.0
0.9071047703272235,-3.5371125169723685,0.0
-3.096422052705863,0.041248224708955145,0.0
-2.5062101962055157,2.551891271730696,0.0
3.358343495051172,-1.41670507224984,0.0
0.6630704686468405,2.140082308896446,0.0
0.3381302304307784,3.601844934912193,0.0
-2.254413816340047,-1.9738468530790725,0.0
2.5824583457539076,-0.04686702217517805,0.0
-1.0692704139382896,-2.1157563710329783,0.0
-3.2765309028820417,0.36650666963638023,0.0
0.9898394227951153,1.9134361364277979,0.0
-3.104528176086977,-0.8119869810150503,0.0
-1.4982006500768863,-2.0045807625089576,0.0
-0.06990619123132903,-2.163854378349798,0.0
0.06980760320529866,-3.434630298969546,0.0
-0.3104737882316712,2.1658567937902213,0.0
2.148880008150092,0.08447553488375556,0.0
-1.5344994679468262,-1.6850901787018167,0.0
2.464562473661234,1.4023621335013885,0.0
-1.639337879235874,2.2269601911765555,0.0
2.946854062707778,-1.9782153756267675,0.0
0.3557223123667396,2.2636603191680966,0.0
2.117582379138925,-0.5454613363874741,0.0
-2.3187714594211704,1.5715700927407574,0.0
-2.7425032259586395,0.10265446043455106,0.0
1.1377774057576227,-2.705728001419439,0.0
1.087461332594632,-2.7111668487167893,0.0
3.0375367428699267,0.09792596506038456,0.0
-3.1415390970309485,1.0011611670346083,0.0
-2.9221102704674653,-0.08473963763755224,0.0
0.26055646891094164,-3.8241294156607744,0.0
2.300697218370386,-2.2242501123895693,0.0
-2.8841691793282354,1.1499461430336324,0.0
-2.4192470876791092,1.6648902662525473,0.0
-1.2263842255326436,-3.3625056411406344,0.0
3.244083331707237,1.658169739253569,0.0
-2.585062580863074,1.6536894682976826,0.0
1.7658717996799873,2.2365463299050177,0.0
-0.9283661604680452,3.3124283502227154,0.0
2.6458867298751327,2.0760887551885663,0.0
-1.2167064237953102,2.301416861740407,0.0
-0.7645223696288307,3.0660999791616534,0.0
-2.0821472109941705,3.0408177453095195,0.0
1.5502849612423848,2.7669245392269537,0.0
3.1226999026231588,0.1839009122260929,0.0
-1.185924863342761,-3.0846291823630723,0.0
-0.8431530963914673,3.0010212251867117,0.0
0.4151919766942383,3.959613343558588,0.0
0.20946857859640855,-2.149663934240477,0.0
-2.5672388336527425,1.6026021737541867,0.0
-3.0425940207403763,0.09573331280840817,0.0
-2.633856973820482,0.27329797929486915,0.0
-1.6520861763089951,-2.59981559361536,0.0
2.594219967509055,-1.2900056283578387,0.0
-1.472035773620878,-2.583677241370285,0.0
2.5682485260451693,1.785555655283421,0.0
2.669165384615128,-0.504660559141866,0.0
3.69185714551672,-0.5615710077855571,0.0
3.516459576919032,-0.9971910319932964,0.0
-0.7869367724591897,-2.2907408611720483,0.0
1.1553423084650436,1.4545611360764792,0.0
3.1058500141569567,2.0867703016889383,0.0
-0.4234009141886212,-3.0178563268691763,0.0
-2.5535638055487824,-0.7033935184262332,0.0
-2.686811468478104,-0.23710541505345925,0.0
-3.012941541384789,-0.010364216062453753,0.0
-2.540008688125997,-2.2375193874168793,0.0
-2.079337696216849,2.339439049291298,0.0
3.0467237760035637,-1.4553174485518474,0.0
-1.783509552702967,-1.089940930675616,0.0
2.996518260851595,-0.14622716218651094,0.0
-1.1187519354515378,-2.3076926977824974,0.0
2.465370417929403,0.6429843232209319,0.0
-2.311662365407369,1.8823142521061356,0.0
2.3688506588500706,-1.1255549652959291,0.0
-0.5090008681074725,-3.562333753201783,0.0
3.181731169622594,-1.452525057759359,0.0
2.118628557920992,0.47879372773783363,0.0
-0.8548180360984694,-2.3805847667664817,0.0
3.715040873328462,0.6143967756546975,0.0
-2.7066509316317653,-1.1050275364811646,0.0
-3.390044374302106,-0.9093162747712933,0.0
0.8177323599788362,-3.2298219374870456,0.0
3.2204594613744244,-1.9000902960656385,0.0
0.46811338504443234,2.435853812158173,0.0
-1.1005282294010656,-3.5047003171632043,0.0
3.3582836590483858,1.2844306829695264,0.0
-0.7505467151605203,-2.799216236027611,0.0
3.0167999675160972,-0.31501039950722276,0.0
-0.8371341840627425,-3.5931642431702415,0.0
-2.054303056812918,2.7203395371887864,0.0
-2.2218293616171656,2.628268538466936,0.0
-1.2947554819696643,-2.2979060380510017,0.0
1.5320074437488007,1.8459086675036136,0.0
-1.7386320480327984,-2.2697919347552533,0.0
2.725418820596156,-0.4585448242422864,0.0
0.5346332086313283,3.6831758361008813,0.0
1.945065449487087,1.28285459443346,0.0
-2.4725978889819884,1.9612274468890918,0.0
2.404180023887405,1.2161297085475602,0.0
-0.7151241964702317,3.392209532738333,0.0
-2.1393855712832983,-2.0071382437228547,0.0
3.2122309841885883,1.6497608268597346,0.0
2.1475261794505793,2.613073819974908,0.0
-0.35124381008018374,3.012978024052493,0.0
1.9393885027614028,-3.0859346039951676,0.0
-1.9679306259811038,-1.679967501754444,0.0
-2.6192235963502393,-2.234953081973915,0.0
0.18029989838167876,3.088533065594622,0.0
-2.174596540477322,1.2009677791126205,0.0
-3.0091552037404834,-2.2682070923848254,0.0
-3.106710858577787,0.26753444934674475,0.0
-2.832831437201544,-1.658816798634352,0.0
-1.3761197378307923,2.798126826282961,0.0
-1.7124224135587387,-1.8432378650032746,0.0
2.4789161377218276,0.5674683189584273,0.0
-2.1835066659589955,-0.0174870237110665,0.0
3.229816413151316,0.5601296670865005,0.0
2.244357111299135,-1.2269423466126108,0.0
-0.05545108426680179,3.5315724130340893,0.0
-3.488151119933409,-2.5113689120429976,0.0
1.9376769649478243,1.8907836653997276,0.0
2.2084825378746173,0.8381077432877011,0.0
-1.037344014675979,3.005016028917349,0.0
3.259963704366004,0.5384049933147168,0.0
-2.9811409243963016,1.8154148152596512,0.0
0.7005303131251637,-2.4122659096849652,0.0
2.997322852058504,1.0606779990442605,0.0
2.1652849875916678,-1.675261547249302,0.0
2.813112517587127,-0.2629482037760694,0.0
3.1179435961045057,-0.43588113102999054,0.0
2.660501427449429,0.09416153847472147,0.0
1.5363086205193666,2.7708131809378003,0.0
2.2479758406420456,-0.7213317838265942,0.0
2.3461997513775557,2.19396655947893,0.0
0.15466331638166006,3.8699982712562853,0.0
1.465540785783082,2.45312639472068,0.0
1.8247578221508447,0.961005456691489,0.0
-2.8012978692549733,-1.4139843041441056,0.0
2.6935472547255874,-0.4626190732878773,0.0
0.46310399416394277,2.7052814501810443,0.0
-2.576625676161583,-2.811387020769314,0.0
1.5626834212305474,2.39605927725723,0.0
-0.9429185306869416,3.0237676354595155,0.0
1.441688260851797,3.3483615514103837,0.0
3.3217497199809363,0.04777328270480477,0.0
-0.2527660447742445,2.7105462268037233,0.0
-2.1682993202985834,0.3617864017732345,0.0
-1.3378560275979148,2.294135672319712,0.0
3.3617945087693393,-1.5199895135501238,0.0
1.373990396323148,1.8808963107484176,0.0
-1.6655007173769643,2.214231050118696,0.0
-2.069280237678961,-0.4980789787694725,0.0
3.6470669997349168,-1.2133789233360877,0.0
1.539731557961747,3.4416802982865202,0.0
3.130607985239296,-1.2729644458671847,0.0
-1.5954625102768627,-2.434813041270464,0.0
-1.5939586131756767,-1.5921940260377174,0.0
-2.4524318502938627,1.0521069514710715,0.0
-0.7474791646038016,-3.249421521564989,0.0
-1.4866140402247385,-3.2069453246233746,0.0
-0.44502596184146426,3.2887150304683175,0.0
-3.043355989586405,-1.6494963856479816,0.0
1.6424892152546364,-2.6619924534389865,0.0
-3.5187127472287734,-1.3842739952908112,0.0
2.3103431342930625,-1.813046115252599,0.0
-2.9543288483912047,0.3878298397058632,0.0
-0.4735809365751771,1.5933828655422835,0.0
-2.01060008610791,2.2636198842604514,0.0
1.9882882756929208,-0.5017220567530303,0.0
3.4067497864192613,0.6217545764695998,0.0
-0.1343342130614859,-2.503875660745634,0.0
-1.3688170754433087,-2.660662949496677,0.0
-1.192434081990663,-2.3904894939134307,0.0
1.615675264812251,1.5278106114656018,0.0
-3.978280771227203,-0.6621877677977561,0.0
0.4184188200845169,-2.863619245327746,0.0
2.6898741941935715,-0.5082643783241343,0.0
0.1519865047589084,-3.023923022159641,0.0
-1.9901979954459308,-2.45985127993513,0.0
3.471555408056784,-1.406058323653033,0.0
0.35815695103899425,-2.8008008736696017,0.0
1.7866077425745235,-2.9369857877984136,0.0
2.4938510690863334,-3.4819071492559512,0.0
1.9605586149832555,-2.0815430130965558,0.0
3.1122682927284973,1.365955177843854,0.0
-2.634356464234601,1.0647076428127686,0.0
3.088404961161251,-1.6017062693985158,0.0
-1.7425489674804544,-1.9318437391198666,0.0
2.310017629444533,0.6729357204033588,0.0
-0.5683280547682508,-4.589462010374558,0.0
-0.2469749469297161,-3.388574136942896,0.0
-2.52413391102559,-0.7154397800127784,0.0
-1.2431954246891972,-3.4521137999284517,0.0
-1.744220483285223,2.130376604903754,0.0
2.304852233099862,-1.815719360169915,0.0
0.9477469306834291,3.406413318333364,0.0
-2.492342908907344,-2.8421667496794005,0.0
2.759954206883423,0.035809918452814185,0.0
-1.5041253101851415,2.4258430589539675,0.0
-0.9515673592741057,-1.638633220042687,0.0
2.3549297812031003,0.01330939064276905,0.0
-3.0065342212876076,-1.482958024115483,0.0
-2.243994090267359,1.407847743277617,0.0
2.047959251745239,1.0412588069724042,0.0
1.4006500539416153,3.3677559837931184,0.0
2.729235032678801,0.28244437378328335,0.0
-1.7047212794170006,2.4659897585607853,0.0
-0.7213174178978947,-2.3472539384880426,0.0
-0.19930499369032031,1.7537436455725361,0.0
-1.3779264108157985,-1.7007693666962904,0.0
-2.8862004068740497,0.801696805011564,0.0
-2.5706750923415767,-2.6185098563663036,0.0
1.1646058988880414,3.220112167249847,0.0
-1.3725176767666518,2.547858764004649,0.0
2.212308456187454,1.5801873764355268,0.0
0.4991427118312018,-2.3143731817218756,0.0
1.0967513401393183,2.0849049892765015,0.0
-1.216025934836589,3.3392989630617333,0.0
-2.8725931838601793,0.5915213426087997,0.0
-2.1714574375212106,-2.0219309017944123,0.0
-0.3177712956642158,3.4518917534367453,0.0
2.154196930936231,1.4542322504294392,0.0
2.385945827931438,0.4323507420845905,0.0
-0.9755691335397652,3.2287389818319374,0.0
2.5152030830535934,0.3868563363297426,0.0
0.8636138954439064,1.3865475376713579,0.0
-0.8004292181198206,2.552241917263447,0.0
2.4847810199205433,-1.3495940896294376,0.0
-3.5670296504625876,-0.4312302679206378,0.0
-2.7544032455837266,-0.5613796006170106,0.0
2.516901695225696,0.6782414625265433,0.0
-1.4433722488286598,2.8443766954086653,0.0
2.7603038218373244,2.6496020548370773,0.0
2.438708915950239,-2.827942000091733,0.0
1.7610645240114293,1.131928850138669,0.0
1.531788142250687,1.2187723020385026,0.0
0.369720512650909,3.420122659993832,0.0
3.201147326173259,0.6506962282305632,0.0
-1.1818703534596948,3.300456379710373,0.0
1.8196264927104338,2.5034785121210845,0.0
1.8847501561043025,-2.457523375529899,0.0
2.946469948050142,1.7122156537239048,0.0
2.788638475718389,0.9843228422781856,0.0
-1.5733694261265467,-1.146056079553861,0.0
-2.726482983362896,1.7283988548524583,0.0
0.5263369555061804,-2.755099600743051,0.0
0.3419027877815511,-3.1063920636759876,0.0
-2.1712719115405568,1.8742851858478793,0.0
1.2687594385777974,-0.5375937514051455,0.0
-0.6157537970928604,-3.336694377174033,0.0
-0.43679428104356255,3.3253908473012928,0.0
2.9068496305387233,0.9808052388464861,0.0
0.8783040440190621,3.7242761286727806,0.0
-3.0350262986764114,0.8201143942645168,0.0
2.5207722205696843,0.30300973126130193,0.0
0.6502947798935531,-2.986320081955227,0.0
3.7622404662826594,-1.9256920743279213,0.0
0.4791893948956054,2.8306598508410548,0.0
-0.5726911134756743,2.7776168725426613,0.0
0.1725024024526015,-3.270469828719116,0.0
0.7946795417886797,2.5369014175390205,0.0
-0.4931065924782635,-2.8857943268183748,0.0
3.281554875610583,1.3700388972034414,0.0
-2.3454057314367,-1.2459878595724392,0.0
1.8315839075493612,-2.1221865479614324,0.0
2.4012994524526063,-0.5522547101115495,0.0
2.7031457084025354,-1.6282588921762047,0.0
-0.3107913393087734,3.549482656111056,0.0
1.8850035025471594,-2.6205759412678056,0.0
1.2538007204244093,3.637637932610138,0.0
-0.1156948333499,-3.1215953680874318,0.0
1.3897735836977883,-2.7983513721603144,0.0
1.9012019078198066,1.3812435203184494,0.0
2.5663738734447126,0.436880007473418,0.0
-1.9285987610963775,-0.9565259397744275,0.0
1.6997266797253225,-1.9728841139904012,0.0
-3.2913857566409153,-2.223111014686497,0.0
2.3755779903006577,2.810372091679961,0.0
-2.9769607973841596,-3.092659180746792,0.0
0.18543788941250405,3.577697330998976,0.0
-1.462010229156724,-1.5911683219089772,0.0
-1.172497682041899,-2.671571949848219,0.0
2.0028824408465913,-2.157690804039114,0.0
2.228422344429972,1.1849114174153688,0.0
2.9957815044916694,-1.340624486667514,0.0
1.2194989389274102,-2.5860874292180243,0.0
-0.7899910020606382,3.035357309398349,0.0
1.7259681956578405,-3.0936288495729127,0.0
-3.7624945540989487,2.190410105117888,0.0
3.142984145542665,0.1335346040769863,0.0
-2.850390036429299,-0.13913165021901358,0.0
-2.0592493096263498,1.9473319736557015,0.0
-0.979517215161809,2.468302774691295,0.0
-2.8332435827062907,1.5574867669166255,0.0
-2.9871116505124435,-1.575132482005866,0.0
-2.7033353925313954,1.633955778563223,0.0
-1.086315499070529,2.1703112960745408,0.0
-2.4273697738236475,-2.4816124549949428,0.0
3.330809408949936,0.9410873218463723,0.0
0.6318985161005067,2.730885928692652,0.0
-2.787800529089596,1.7432626842606935,0.0
-3.623389148159573,-0.7681002414619295,0.0
1.8393780848591708,-2.6413666597055685,0.0
2.941666066089109,-0.5857294036378549,0.0
0.05965137626031283,-3.3694689765366723,0.0
-0.3779189991240675,-1.7633229534516748,0.0
2.9694104091237734,-0.12422314359226018,0.0
-0.3269260212469388,2.204996174430073,0.0
1.6699158853941043,2.153312697323739,0.0
3.0010323157394274,-0.18358434827044423,0.0
-0.3453236980736639,-2.7018121126311403,0.0
-0.14623538482191137,-3.404610858192876,0.0
1.8770493460256958,1.6638144887257769,0.0
-0.7833011399234558,2.7906634715219254,0.0
-2.867838789655818,-2.047436224265293,0.0
2.284437516910243,0.01239290135205505,0.0
2.564091730576977,-1.9812306622777063,0.0
-3.349156110778389,-1.639107300497982,0.0
-2.4651104625097005,0.41233527207247794,0.0
-2.3532351701110223,-2.396353220185174,0.0
1.5887797967719588,-2.080934194786097,0.0
-0.8080340017002263,-3.2631897204402054,0.0
1.6104286093395606,1.9022950811632875,0.0
-1.7572559272946608,2.452088651730188,0.0
-2.755814495867078,0.36242349533614027,0.0
0.1843081601216543,2.6267885939064235,0.0
2.6260405813195233,0.07046931281302975,0.0
2.1177075037631408,0.08805630008402006,0.0
1.5709191301266365,0.9383172890733624,0.0
2.6442151951073907,0.5706457749770393,0.0
2.858743154015332,-0.31988977865745805,0.0
0.4035304378349512,-3.983567920420057,0.0
-1.7956581327406458,-2.524693593698121,0.0
-2.280207514914571,-1.7564096306094599,0.0
0.6685602840209615,-2.695682177966846,0.0
1.5424654966452602,2.6047612129719084,0.0
0.508057445059192,-2.793895698822637,0.0
-0.8465537835669833,-2.6240243947610105,0.0
-0.9668243531533431,2.0529519128347014,0.0
1.875271359124154,1.5337862985328747,0.0
-1.5601299457338782,-2.59344123022549,0.0
0.542291227046507,-3.067079005181671,0.0
2.871629517337636,3.042485300187818,0.0
3.562269737347979,-0.7101447041400081,0.0
0.020060686494982247,-3.0830636569610395,0.0
1.739944105516275,-2.083479578660117,0.0
-3.4764893109388133,0.5493538004750353,0.0
-1.0831203675505146,2.1075496639756905,0.0
2.1233370889001675,-1.5404509950628196,0.0
2.007265486964871,-3.1403388357361006,0.0
-1.784512589229622,1.877043473062892,0.0
-1.6712499495213489,3.1992147872606975,0.0
-1.0969509786305502,-2.565978476834634,0.0
2.274214804423388,1.9843425930899012,0.0
-1.8044821961165505,3.0228493236572938,0.0
-2.694529556251661,1.0962383353641023,0.0
1.8250324782150433,1.334189134828222,0.0
-0.9576289597365841,1.684298614810787,0.0
2.7630608066381055,2.415290487493278,0.0
2.53245970855871,0.04586394555607474,0.0
0.8729366047232857,2.1659042212377853,0.0
1.505671269414086,-3.09745295094354,0.0
3.506877973543412,0.3800594162456898,0.0
1.6902428925589605,-1.9903874567138062,0.0
2.25010949248672,-0.7450370531306373,0.0
0.5468082015114198,3.0137463938795,0.0
-0.8848048505537369,-1.7505985336710315,0.0
1.7505332005874807,1.4229758014874465,0.0
2.0481447414143887,-0.7406527758981628,0.0
-2.238948784480376,-0.9168591089384225,0.0
-2.138777427417318,-1.969925629146274,0.0
-1.4439293025448006,-2.11764045936593,0.0
-1.9399639946854401,2.8582350596375665,0.0
-3.1828166837202163,1.8681272784186793,0.0
2.3877723755387934,2.222986633045872,0.0
-3.0837328237913026,1.4553866759317502,0.0
0.42527340986210466,3.473599853075895,0.0
-1.6212507287639895,3.227012325300863,0.0
-1.8086640760962236,-2.339326204426074,0.0
-2.176900788743315,0.7613938338713149,0.0
-1.551852567482178,-2.1645752242504663,0.0
2.043102830721112,1.3349886741558863,0.0
-0.5739044369614811,3.6828806932348175,0.0
2.5346621126425424,-1.5085642635033003,0.0
-0.29876172014763225,-2.6679859624677547,0.0
-0.46535857114306356,2.93156605599043,0.0
-1.7447429830226617,-2.472622756697471,0.0
2.0346703406491606,2.1432267074918263,0.0
-1.464545301851702,1.878330441556808,0.0
2.2917458093951635,-1.909489376900264,0.0
3.050320414731451,-2.1465824674267315,0.0
3.1374319016528958,-1.5846436988617545,0.0
4.979097952356329,-5.494091498440811,1.0
-1.7357440343621042,-5.05155850981092,1.0
4.8303192921574745,5.004762344013367,1.0
1.257944526074239,6.589311831358087,1.0
1.323386057673146,-6.058063559615866,1.0
-3.345423800231855,8.097535441871115,1.0
3.050501731855003,-6.669413350964969,1.0
-3.762348221075052,-5.476293732337994,1.0
3.4097808441368316,-6.21356772140765,1.0
-0.543144545168798,-6.608155998202252,1.0
-4.043246782420335,-7.267458912441759,1.0
3.236329122540642,-5.379964031331112,1.0
-5.495943456283894,-3.512982206074114,1.0
7.62793635805522,-3.472826427391307,1.0
3.4410664438157097,-5.713176283360053,1.0
-6.397799670690898,3.712385772368423,1.0
6.028837957877208,3.8583622440177914,1.0
2.2080754746295335,-6.631604157148449,1.0
5.429833209235294,-3.8926202328240023,1.0
2.2365611359121607,6.029372175600642,1.0
-6.513006689895127,-0.18612510242852628,1.0
6.224263581783126,-1.8196735670198205,1.0
-0.5191072779041731,-8.109039237753565,1.0
5.044505718917338,-4.612525579119011,1.0
5.689924397151094,3.0886752091235152,1.0
7.085931948714059,3.475817372659392,1.0
4.630523463389975,-4.672785032609839,1.0
4.0545145023558895,5.620822052964621,1.0
-5.44431995840491,1.5526323773890613,1.0
2.8929041873499055,6.90787241799367,1.0
-5.434821325899182,4.885122482555514,1.0
2.7580809739766927,-6.380633882458843,1.0
1.6704116502127777,-6.651263054575048,1.0
0.7212353204939025,-7.859043876352089,1.0
-4.4133439858213315,-4.836120335112048,1.0
-5.484624904863738,3.18953801832216,1.0
-7.37699269871437,-0.07534086616841643,1.0
4.2972246598896655,5.223461719647806,1.0
-5.504824330876056,3.883186159139088,1.0
-2.297173116225312,6.771426071325906,1.0
3.283012073617145,4.56320516086684,1.0
1.5638242003301799,-7.345554350820397,1.0
-1.991742717635342,-7.963418947811201,1.0
3.475559216770784,-5.663107046998206,1.0
-0.776587460914206,7.655001328519933,1.0
-6.455169295003664,2.754095775206153,1.0
-6.075567020440903,-2.4663941777933824,1.0
-2.9444487756162876,-6.71350192785047,1.0
3.5585144155421986,6.23002123613195,1.0
5.528419944234667,-4.5466790697610655,1.0
6.505909515925696,3.4239601396293136,1.0
-0.8877083785776376,6.966975145586919,1.0
-0.2702543107874893,6.248265705257635,1.0
1.8005323869496854,-6.83895990097444,1.0
7.797333974895948,-2.0816722473320084,1.0
1.5733903154277298,-7.877939788619114,1.0
6.96738858292244,-3.0964454497810623,1.0
0.23425515267233657,7.35800559942408,1.0
-7.259405829939198,-2.765951660890835,1.0
-6.89253040733334,2.1605211240518276,1.0
-6.807882850794779,-3.9537368684109615,1.0
5.117729928401254,-3.373365314670931,1.0
-1.549992888264271,-5.482584165552289,1.0
6.7069825276971615,0.5931379054253282,1.0
-7.095310229970367,-5.000488651924073,1.0
2.8258474182979465,-5.7019838491782275,1.0
3.9510439558076746,5.698256626591416,1.0
-5.1274758485445195,4.432619420302998,1.0
-3.2597986412216216,5.7291721034344105,1.0
5.327997014997944,-3.247465583020494,1.0
4.433214868991115,-3.8715197987842,1.0
2.567672703956682,6.6957604439614,1.0
7.748408670628478,1.8543654187822198,1.0
-4.520771687704459,5.509792993521156,1.0
-7.082501686739745,3.4158695522179983,1.0
-0.49386141845198267,6.715064856984643,1.0
-1.4158228676794016,-7.704085895424687,1.0
-1.3199285008877317,-5.31261723113545,1.0
-1.5459698775481705,6.369807432566565,1.0
8.248243899706388,0.7874823340876813,1.0
-6.973820963074034,1.9720545566380179,1.0
6.611872718723521,-3.782171150850956,1.0
-7.439507090644085,0.24252562879188774,1.0
5.593601190138217,2.3689411931715862,1.0
-4.0091036040438155,-3.399277477330399,1.0
7.350670436520808,0.4245187557124739,1.0
-4.166040804220101,5.735371894993813,1.0
6.7550624127365335,-1.208005385566804,1.0
4.388473324327541,4.473154228107012,1.0
3.389269702591755,-5.745692332020169,1.0
-6.628669839678788,-3.087639085419617,1.0
6.116066910757949,-0.45129377186161956,1.0
-4.906930458021758,6.032656005518089,1.0
-4.728960310899762,-3.036417720172122,1.0
-4.569217990314125,2.680291314010349,1.0
-0.8222392572873714,7.372272014371949,1.0
6.8065200376970205,-2.6683299624252896,1.0
2.888584160044881,-6.702921187031729,1.0
2.9160949840023562,7.993619615405265,1.0
-0.4218872035060302,6.667597542185402,1.0
3.6386483988259073,6.866723150614347,1.0
6.635129151425737,-5.160413806740067,1.0
-5.650431293033631,3.686594874543903,1.0
1.3286041431221003,6.801300189919898,1.0
-8.05309843867231,1.782797817599054,1.0
3.420482606522978,6.321447290298972,1.0
-4.268090996050734,-6.144208278170892,1.0
-7.001804095019373,-1.6487020710011135,1.0
5.333799269780622,-5.4976655231550895,1.0
7.64455750904853,0.6010729868053423,1.0
-4.145850732900566,-6.884673080891974,1.0
7.704791967418068,-2.236121461397577,1.0
7.2551921530343115,-1.2031057500249112,1.0
-3.153730663167037,-5.609468168753711,1.0
1.6927510461324375,-6.9664729370618215,1.0
5.225613664473774,-2.19886880066615,1.0
-2.083200656445543,5.44148633076934,1.0
2.222810526121611,6.973060614343766,1.0
2.998726208631842,-4.879444325480059,1.0
-2.7193549043698475,5.800547245277222,1.0
4.5616797906505555,4.15765311292709,1.0
8.334899760345927,-1.9743955281432068,1.0
-5.119772535109825,-4.004019053148312,1.0
8.064308693223664,-0.2547715232026684,1.0
4.621627999002832,-4.632653229539354,1.0
-5.097091737261622,4.492291486079283,1.0
7.448517186880542,2.3195394002631797,1.0
-5.359729504686557,1.8042941243266442,1.0
8.435260087668667,-0.7070787232293609,1.0
2.7927774080843744,5.346162594301038,1.0
7.383484434432363,0.48790957336771423,1.0
-6.198905162168067,-2.800121286573805,1.0
-5.071422153076923,-4.15420584708738,1.0
3.4016145095482835,-6.029283307227776,1.0
-6.899591797969319,-1.795013666669991,1.0
5.206976900426339,-5.846459471144148,1.0
-6.035651836834948,-1.8926441513524588,1.0
-5.282065068938037,-4.03750389091419,1.0
3.7297999778904685,-3.8540738158966166,1.0
5.6937596215039035,-1.7736479935980416,1.0
0.6609153431573674,6.113167734415743,1.0
2.3375783593420976,-6.145909041225977,1.0
-5.232338324951986,5.452125428114122,1.0
1.6480617144667375,-7.699935403852872,1.0
-6.561013011260979,3.0655685940673445,1.0
3.290907625401505,-5.372585453631828,1.0
7.018430941587903,-2.850425771988584,1.0
-5.250000234976346,-0.5977341631174127,1.0
-5.665640722008227,-5.4122767310552,1.0
5.953893773092144,-3.644559165303929,1.0
5.575607964627215,-4.093518815532798,1.0
5.089771720782769,5.1423088650896,1.0
2.5074561242714344,-6.79836371299542,1.0
2.7639213801900944,8.213995127748003,1.0
-2.5267827133086462,-6.147079884905093,1.0
-1.4909342454156396,-7.503457950772088,1.0
3.4287892594587506,-6.301369790470188,1.0
-6.443560037015341,-0.22471978121191977,1.0
-6.7385425305587345,1.7572975868271417,1.0
5.4911612386813795,-5.261562743689211,1.0
-0.7815533077782975,5.634078120135688,1.0
-0.8363292364809114,-6.4707308282358715,1.0
5.831086787314256,-3.4881694725037056,1.0
-2.6227177325951283,5.362006975015869,1.0
6.055804679022449,4.111310195801157,1.0
-5.228240349226507,3.4078915831091634,1.0
1.4472951552885234,8.017672886267267,1.0
8.063883754732906,-1.554005900618052,1.0
6.318450129301021,-0.9729463734043737,1.0
-1.9247667237620705,-7.6943937311721164,1.0
6.30317249335203,-3.6129118411160195,1.0
2.9415622372249692,7.383805442182975,1.0
-7.688671338690993,0.39758681862299283,1.0
-5.305136571419631,-6.155930076157222,1.0
5.803329369527232,3.177267338191208,1.0
5.996972811240723,-2.7269273417086666,1.0
-1.7124497291326848,8.215423778081222,1.0
6.4899518326385515,-4.027598786086306,1.0
7.021728086071104,1.4613005626588706,1.0
5.835591759598706,-4.89210758001172,1.0
-6.718117474587054,1.5040402171096938,1.0
-5.945023596105942,3.8013756460885038,1.0
-1.0374559061039885,-7.983010151440186,1.0
-2.656934174412744,7.482110369306922,1.0
5.5574809659682165,4.914697116407815,1.0
5.420465990058997,1.221950169733174,1.0
-2.6271437259216084,-6.406375855491485,1.0
-6.943382955975917,-1.9499898892008543,1.0
-0.9748510045781184,7.027003865893107,1.0
-3.923036071892354,-7.317152972006564,1.0
-6.484908587426337,-0.5289242579570912,1.0
-7.247337303222931,0.4816021611604111,1.0
-1.7991933585183135,-5.973922526162501,1.0
-0.9280550167487615,7.711701027732526,1.0
-6.890547794117406,1.9654800657797389,1.0
4.428167908734081,-2.893629673538096,1.0
-6.0114868776220565,-2.783063647322755,1.0
-2.451379020783556,-7.823589675738104,1.0
-0.8137041234060027,7.553175086268217,1.0
6.223818297084654,3.697164219904003,1.0
1.9168956628791551,5.803075068635376,1.0
-7.233819471287253,1.335481756910573,1.0
-5.1127203790320275,-4.136635601020398,1.0
-6.365361266148367,3.6458414843696345,1.0
6.400251569479683,-3.1711184850821446,1.0
5.458615822415007,0.30663625045859266,1.0
1.6526873375548519,-5.588576636736274,1.0
7.138389991605276,2.0143778526911635,1.0
-6.044904904112164,-5.2393595239780515,1.0
6.578573959960101,-1.6601565037320143,1.0
-6.759469014558182,-1.1278622080006995,1.0
-6.087180085700148,-3.037032578606241,1.0
5.930138802105467,-3.369301303536978,1.0
3.840903013844312,-5.346666073073215,1.0
6.78737073254718,-0.7384105784884946,1.0
2.172808866961117,6.944171768285084,1.0
-2.4380786694329655,7.4795928571434995,1.0
-4.705127238938225,4.117351225904556,1.0
5.072027606527383,-3.7520595770410337,1.0
-0.6360958618536247,5.045466917079513,1.0
-6.451507135449704,5.54931116679939,1.0
-6.872951704884173,-1.0609071606164853,1.0
-7.024236900890329,1.9901047610911098,1.0
-1.3109706377407686,5.405003537496426,1.0
1.366662522957711,-8.059437729562898,1.0
-2.7613718805685643,-7.034986624151116,1.0
-0.9012575662697808,6.312429495082628,1.0
-5.793845589485697,-2.973336447057238,1.0
-7.009508979580268,-1.3176399954458888,1.0
-3.4020180805437414,-5.359808863172534,1.0
-5.363718494575191,5.091586923594511,1.0
6.2130432115851315,-3.783519511810283,1.0
-1.0595784067186764,-6.51478018484927,1.0
7.69276670350783,2.4228689364289844,1.0
-4.65623383223631,-4.843567380827088,1.0
2.505124858112393,-6.456748126867473,1.0
6.574234141176124,5.660909490286279,1.0
-0.4048924354854449,6.194110874179041,1.0
6.213579784423093,2.5651354417262286,1.0
3.4707155759493964,5.673853964890184,1.0
3.226471589024526,-4.399743423174707,1.0
-6.244820329776996,-3.7558990589880312,1.0
5.293339755042336,3.0548484995401015,1.0
0.3764874935279343,-8.306188099729702,1.0
-6.896213270085112,-4.07603192030773,1.0
-3.717588774758833,4.685967525081804,1.0
-5.697320676020027,1.8840614763074468,1.0
0.3140502910050102,-6.466776254071985,1.0
5.17981005743882,2.2515939333034565,1.0
-5.156945893462649,-5.790949836331419,1.0
3.831909737161948,5.345364513270469,1.0
2.473022010974528,6.1761228531139585,1.0
6.521396088990298,2.958309375156673,1.0
-4.615234819630585,-3.824032464160745,1.0
-6.876167272260477,-1.8839877340033515,1.0
4.4267050471031215,4.465119062546609,1.0
7.7208609572678,0.498538330017071,1.0
-0.060789733954635855,-7.2568924995944135,1.0
3.55107913865628,-6.813411689732402,1.0
-6.298610732791423,-3.773838851234382,1.0
-5.219668448136943,5.742090524191739,1.0
7.028634627090822,-0.17102873531100632,1.0
-6.799095543540496,3.8294014373057723,1.0
2.5698345907252063,5.674646888589885,1.0
-4.047764673555542,-5.704013149075246,1.0
6.657086807921777,-3.6555241131150806,1.0
-2.6740727899575645,6.05677149220518,1.0
-6.954366847348388,2.459988055850388,1.0
6.986993468255811,3.850993085827923,1.0
0.09878729561040447,-7.589411748294942,1.0
-6.205051717658816,0.46906878238585314,1.0
-2.6669327215620813,-5.718135824020099,1.0
5.382761368514034,3.82455237519925,1.0
6.866637857529422,-4.311409279193664,1.0
5.599386588541568,-3.306994383301006,1.0
2.419035662226861,-6.04551898891204,1.0
-7.3896128736463345,-2.3597901391621083,1.0
1.0757691214245069,5.542913926590517,1.0
-3.2884073762252743,-5.456471136341726,1.0
3.1171443704123263,-5.942605545750338,1.0
-6.848790902404652,1.0740281393848115,1.0
0.7030731596745536,-7.190207202013091,1.0
-6.361594634230353,-2.4995216982032624,1.0
1.770093714990259,-5.768682344320513,1.0
4.095571171343538,-6.645234988336047,1.0
3.125083421047693,-4.78880173914436,1.0
-2.4827616849283514,-4.905242597526459,1.0
8.14818563196893,-1.130639675180431,1.0
3.4253510153952567,-6.767089151996785,1.0
0.8142184832944163,7.482592681288763,1.0
-5.51574420162984,3.600303486408211,1.0
5.3340728863489435,6.317225550451437,1.0
2.0336029456324307,5.971448507560855,1.0
-6.956823213264408,1.0165323455258697,1.0
-2.576427095352197,7.051038600002454,1.0
1.2606035095251298,-5.845868309131897,1.0
-8.072278278585651,-1.027920125896411,1.0
-2.968885875863479,6.445641452739291,1.0
6.739754456182887,4.717807588226915,1.0
-5.109582079714364,3.0893419821164083,1.0
8.279434496491309,3.0028844279440685,1.0
-1.7463038144451892,-6.537494798822275,1.0
-7.508294339940438,3.0679083266436993,1.0
4.371471402136065,-8.066923961752277,1.0
6.695835192843748,0.7724322200179267,1.0
6.491536269139096,-1.0177755775908595,1.0
5.093547055442275,3.298267164938093,1.0
1.4632226494863112,-6.79677548606769,1.0
3.6646547117175547,5.772472200418513,1.0
-4.602848081612758,-6.0580393744727346,1.0
-4.788853535715848,3.2719710548890264,1.0
-5.070772905535554,4.728723912678415,1.0
5.249484982516297,4.978511841146225,1.0
-6.633490232618021,-4.4035635083064495,1.0
6.11887606476388,-0.4162112899602397,1.0
1.032782938790793,-6.446299789474968,1.0
3.670653931597274,5.456210635197527,1.0
6.738921482652458,-3.68123582381849,1.0
2.18185965012237,6.131311233987178,1.0
2.351736880205136,6.278653620759612,1.0
-3.490774001408042,-4.5413918797699955,1.0
4.743490065651577,5.330776019305058,1.0
1.4375971503858105,7.346665116791491,1.0
6.225014367853806,4.099619931327418,1.0
6.227473692252744,3.944360527457304,1.0
-4.354015980410236,6.841060073615543,1.0
-6.926039636273077,5.275270311250469,1.0
3.933570771576651,-5.097813879445908,1.0
-6.990458670519091,0.3091791165490031,1.0
-6.7774213095728175,-5.258506382875982,1.0
3.927297168115165,6.4967038629009,1.0
-3.494710060663839,-5.137304151951864,1.0
-6.858691353091458,1.474709626679903,1.0
1.6569578214219614,7.310088425371777,1.0
-1.8728652572001532,-5.4545142421389725,1.0
-4.045038210834683,-5.531778110441277,1.0
6.888032686214534,-3.6343813474710185,1.0
-1.3378339423380412,7.277385418232515,1.0
8.568233614971117,3.233005988573673,1.0
3.227631988470379,5.358563753524029,1.0
-1.3370910420798328,-8.634098097410009,1.0
-7.214603343172355,3.883212478517067,1.0
-3.9970292206334297,6.67656047191708,1.0
1.3121835406611841,-6.5069145684232295,1.0
6.316049860333231,4.904862539584857,1.0
-4.95657294983595,-5.747769624761905,1.0
7.102362712321915,-4.418803517270771,1.0
2.5359463108408375,-5.481069431608141,1.0
2.3906073914535306,-7.5299642434083145,1.0
-6.230312169724621,4.287330723377882,1.0
3.5272777194402165,-6.092885087033014,1.0
5.144092583899515,-5.159419767120797,1.0
-6.257648641533284,-4.056006885477117,1.0
6.43142532975793,-0.649854049281646,1.0
-4.099160508384107,-7.011206172863883,1.0
3.115428361756378,-6.288905682206776,1.0
-7.5558615978642845,-0.2564895334169093,1.0
-0.8185161158335207,6.4143639304669104,1.0
-2.20682729290348,5.30005558471907,1.0
-1.2176920569474539,-6.975820799741665,1.0
-6.281216795369225,-3.862538083800957,1.0
4.378451102691552,-5.283659762759362,1.0
2.8504379452926463,7.419120743903133,1.0
-7.24657852087031,-3.8322440020323385,1.0
-4.54944131150222,-5.48986589441526,1.0
-5.223165604530667,2.922029613457074,1.0
4.628369604321872,-5.878853822523529,1.0
-7.990072901070863,-0.04585465464206392,1.0
-4.585555903598294,2.6973494638895046,1.0
-0.19095091598325487,7.492111196963843,1.0
-5.163593467567868,-2.8192887329182965,1.0
-2.4030170997450013,6.182209221400156,1.0
6.648489323932858,4.07668117366028,1.0
-3.41929773287291,6.8931698916140665,1.0
-5.911402954081838,-3.085691949623314,1.0
-7.447187178009163,-2.82122528917311,1.0
2.157380588434716,5.808922730091525,1.0
-1.4286517432736545,7.196275284892479,1.0
-0.14598384686161064,-6.417787032752188,1.0
-3.3544434971138815,-6.538791565998004,1.0
-3.436358142351075,-4.861836415348539,1.0
-6.683242083592821,0.49393249519988947,1.0
-4.561255369017575,-6.664665245424369,1.0
3.5495399812938055,-4.500396156058359,1.0
1.8405883311363158,-6.8174826217303846,1.0
6.00971147466437,1.44901603058446,1.0
-5.2835630345784015,-0.005964558631864368,1.0
6.908512247541312,-2.407119428398174,1.0
-2.1985709962771893,6.944720602466138,1.0
5.802686082351689,2.0729059734486004,1.0
-0.4710118812863143,5.996678370585654,1.0
4.5417891302287785,5.67274922979676,1.0
2.6151861973655603,5.539737837447952,1.0
0.9204893395513075,7.869540338737036,1.0
1.637094296355511,-5.395569487329458,1.0
-6.178416088871535,-1.1001549488257263,1.0
-3.4653875766901496,5.67859004094232,1.0
-5.954949987925474,2.245725068440016,1.0
-4.1999392470853225,-3.061112527550248,1.0
-3.6154262347899775,4.790544677786429,1.0
1.0736298418815295,6.789055895780422,1.0
2.1386551773600395,-5.811845056687472,1.0
3.4275372106989477,7.2952767866414385,1.0
6.455357931425038,-0.09564348272849983,1.0
5.443011412681353,4.8243978304837905,1.0
-7.1080391702947034,3.051638943546787,1.0
5.8866813330211905,2.8179853199874874,1.0
1.3527395185456021,6.481651335108241,1.0
-7.958169456366516,5.451727691123169,1.0
-1.6922527224562738,5.766331581382678,1.0
1.494545966905764,6.524798640450077,1.0
-5.349450895319661,5.900220496529013,1.0
8.211280157670124,-0.3247293818546109,1.0
-2.356332103106589,8.986779300819402,1.0
4.112013325233941,-6.515793050292746,1.0
-0.3447890507103938,6.840077622389123,1.0
8.033736224293166,-0.5636843204951818,1.0
4.928005457677047,5.240127198044279,1.0
-2.4707392884197525,6.042421455225661,1.0
4.691764884183287,4.160548270789704,1.0
-1.538011437243977,7.650039792004191,1.0
-0.4661579792138167,-6.82530266389761,1.0
4.7817146183841865,4.798430720774506,1.0
4.370689249378335,6.303250135641317,1.0
-7.232933070014951,2.3404303239093927,1.0
5.9361096759819425,-3.9123679289596245,1.0
-2.3001775258657675,8.192481529573943,1.0
-6.138755521702717,-2.7346504563135503,1.0
2.6461947460870903,-5.167476445470475,1.0
-6.860326849745963,-1.0828860139595102,1.0
-3.5207247586116637,-4.433041034862886,1.0
-1.1555945208740377,7.130146299573436,1.0
-1.0509171660338947,-6.011426814655622,1.0
-2.2708050500157153,-7.378170645068807,1.0
5.086576916915069,-4.67745351790765,1.0
-5.866480792615341,-5.168694168508515,1.0
-3.0806779983728823,-8.024520733579429,1.0
1.1243787519184425,5.337329122051616,1.0
6.1550145801213985,-0.3956175434225625,1.0
-4.537449954364667,-4.054303969942586,1.0
-4.977158889065578,4.335648417382616,1.0
-3.903114814932995,-5.738221924979059,1.0
-5.314052713981434,3.1867264290737083,1.0
0.5649611903260677,6.270647231085828,1.0
-3.179833911170342,-5.08355851229687,1.0
-6.675281087304817,0.7967520168070373,1.0
-5.5516020338643335,-3.0132680389505375,1.0
-6.83943286639317,2.732922395194604,1.0
-4.115878548313557,-7.061104832463591,1.0
-3.069780105331096,5.744124991764795,1.0
-5.745283528665966,-0.1642908556908922,1.0
4.5946657558158,-3.962611760792392,1.0
-4.92028205530565,-4.726285300308025,1.0
-5.233074949793398,-4.907692245902266,1.0
-3.1351438992747385,-7.635436955585988,1.0
-4.527483373275378,6.020132352801275,1.0
6.027794940723649,-3.0390590807741007,1.0
-5.275943595090187,6.7843861220798996,1.0
-2.5019201810467675,-4.844951673884291,1.0
-5.989604285618903,-0.9214938995102715,1.0
3.854288143204206,-7.638433591088952,1.0
4.360753479807553,3.1720960684237007,1.0
5.237070313142471,5.669632295035098,1.0
3.4850464722523697,5.8179685775323815,1.0
1.4973022234550686,-6.94115968442663,1.0
5.960423290619103,-3.2296153204573894,1.0
3.100591216370862,4.98975382989173,1.0
1.9565160883614832,-6.288360602595737,1.0
-1.2213503955293694,-6.5543466223622175,1.0
-4.3466613925574,-3.8712983449229403,1.0
-2.9342357787328073,5.144251813066383,1.0
-1.447330768933872,-7.46140993655854,1.0
-7.570584521665469,3.40675419126824,1.0
-2.5144018001135833,-7.506962847380307,1.0
5.6558968656694395,5.073115248820244,1.0
3.2291246601250467,6.618907300548472,1.0
-5.904207800659248,-3.4691604768476223,1.0
6.6633610581105165,1.995483567164392,1.0
0.6815987106731057,6.422710729895788,1.0
0.2270781976562493,-7.220865856570932,1.0
-0.1502683274715943,-6.772969780770269,1.0
-6.029890497630524,3.556082992835271,1.0
5.047990297748665,-5.120715760150502,1.0
-2.9503226650230756,-5.600259668565574,1.0
7.0483359573663105,2.6302291324351725,1.0
-6.753706309490765,2.2509071445785542,1.0
3.908045346704995,-7.10412755412259,1.0
6.683281001922285,3.179390375417431,1.0
-6.851394712512806,-1.7700722493790868,1.0
-6.772679754740912,-0.7017335641995732,1.0
-2.3649676461470115,6.104350584379208,1.0
-4.078980005842667,-2.924577645252806,1.0
-0.47718716553593865,7.053427637348964,1.0
-0.7905073647009521,6.003760104259363,1.0
-0.2744795892786836,-4.909408328567643,1.0
-2.607600869870684,-5.627998316436396,1.0
-4.211589813412494,-4.826312288708491,1.0
-7.443179151744505,1.1442163073273277,1.0
-1.9595369111049243,-6.943387904289219,1.0
-5.626884396958728,-3.7462834910277762,1.0
